customer_id,full_name,email,gender,phone_number,city,state,country,service_usage_period
1,Tracy Cruz,uwallace@example.org,Male,001-945-665-8438x19632,North Gabriel,Connecticut,United States,24/03/2025
2,Grant Dunn,wturner@example.net,Male,(447)488-0264x7995,East Kirstenton,Rhode Island,United States,18/09/2024
3,Michelle Pierce,stacyroberts@example.org,Male,+1-270-395-0641x548,Robertmouth,Colorado,United States,27/09/2022
4,Philip Garcia,vickiemiller@example.com,Male,303.552.8055x51775,New Larry,Virginia,United States,18/02/2022
5,Carol Gray,myang@example.net,Female,-3222,South Michelle,Idaho,United States,05/08/2024
6,Kristy May,james77@example.com,Male,-9729,Laurashire,Maryland,United States,29/07/2024
7,Jessica Lewis,sonyagilbert@example.org,Male,938.800.2415x248,Christianborough,Florida,United States,26/05/2025
8,Nicole Wallace,nhernandez@example.net,Male,+1-478-841-3628x31460,Clarkville,Wisconsin,United States,05/05/2025
9,Laura Richardson,elliskelly@example.com,Male,(972)413-0034x74270,West Stanley,Nevada,United States,19/04/2022
10,Alexander Chavez,uferguson@example.com,Female,613.895.1333,Brenthaven,Illinois,United States,26/05/2024
11,Rebecca Brooks,allenjulie@example.org,Female,743.526.4724x3641,North Michaelborough,Vermont,United States,13/06/2022
12,James Marshall,johnhill@example.com,Male,001-887-542-8360x272,Port Jonathan,Mississippi,United States,26/05/2022
13,David Castaneda,ashley52@example.com,Male,632-494-6114,Lisabury,Pennsylvania,United States,03/10/2022
14,Abigail Harris,mark56@example.org,Female,343.946.6913,Port Michael,Wyoming,United States,20/06/2023
15,Jennifer Caldwell,duncanebony@example.com,Female,001-581-454-2735x12259,Brittanyville,Wisconsin,United States,25/01/2022
16,Kelly Walker,kingjulia@example.org,Male,-7507,Mistyport,Alabama,United States,20/12/2022
17,Karen Larsen,wortega@example.net,Female,+1-723-798-2884x3908,South Karen,Hawaii,United States,15/07/2025
18,Ms. Dawn Sawyer,ann35@example.org,Female,940.952.3436,Wrightshire,Iowa,United States,08/07/2022
19,Jesse Peterson,elizabethjohnson@example.org,Male,(464)513-3330x40161,Christopherfort,California,United States,22/07/2022
20,Alexis Mills,hannah62@example.org,Male,(939)239-7878x684,Catherinefort,Nebraska,United States,12/12/2025
21,Elizabeth Mcintosh,nchristensen@example.com,Male,-10721,North Amber,New Mexico,United States,17/07/2021
22,Allison Hayes,murphyjeremiah@example.org,Male,(953)625-1910,Wardbury,Indiana,United States,27/12/2023
23,Natalie Moody,howellscott@example.com,Female,837-717-1029x940,Carlsonshire,Washington,United States,12/11/2023
24,Dawn Cowan,nsmith@example.org,Male,934-706-7256,Danaberg,Louisiana,United States,17/01/2026
25,Shelby Taylor,angela88@example.net,Female,(372)518-5614x63207,Dianemouth,Louisiana,United States,19/10/2025
26,Emily Brandt,taylor12@example.com,Female,001-415-325-3103,Lake Carolinechester,South Carolina,United States,24/02/2024
27,Dylan Wilson,harrisdavid@example.net,Male,-7001,Tammyburgh,Maine,United States,23/03/2025
28,Yvonne Hogan,lucaskurt@example.org,Male,545-400-3116,South Jeremyton,Vermont,United States,17/03/2024
29,Garrett Oneal,sarahallen@example.org,Male,(494)933-2972,Carterbury,Louisiana,United States,05/06/2024
30,Tammy Bradshaw,dixonryan@example.net,Male,(388)568-5462,West Jessicabury,Georgia,United States,30/06/2025
31,Kristen Reynolds,brightlaura@example.com,Female,(738)791-8844,New Jacob,Kentucky,United States,18/09/2023
32,Leah Smith,erica89@example.org,Male,394.666.9833,South Lawrencehaven,Maine,United States,29/08/2023
33,Jennifer Armstrong,rachelhall@example.com,Male,-2002,Lisaburgh,Rhode Island,United States,17/03/2021
34,Robert Brown,millerashley@example.com,Male,252.783.9792,Josephland,North Carolina,United States,08/03/2023
35,Amber Hill,troy21@example.org,Female,-2199,Spearschester,Mississippi,United States,18/10/2024
36,Brandi Johnson,frywalter@example.org,Female,(784)647-2200,Lake Michaelborough,New Hampshire,United States,22/09/2022
37,Lisa Reed,susanjones@example.org,Male,770-440-5320x39303,Port Alexis,Texas,United States,17/04/2023
38,Kevin Allen,imoses@example.org,Male,001-967-203-4518x94881,Wongtown,Colorado,United States,02/04/2024
39,Tamara Clark MD,zrogers@example.net,Male,001-671-749-9771x4330,East Elizabethchester,Alabama,United States,30/07/2021
40,Stephanie Church,melanie56@example.com,Male,001-619-403-7518x346,Jessicamouth,Utah,United States,29/08/2025
41,Casey White,djacobson@example.com,Male,386-987-8438x53827,Valentineland,Kansas,United States,22/10/2021
42,Patricia Turner,pauljohnson@example.com,Female,+1-428-732-2614x3692,North Calebchester,Wyoming,United States,20/03/2021
43,Tamara Obrien,hernandezsara@example.net,Male,480-964-1114x911,Lake Samanthafort,North Carolina,United States,04/06/2025
44,Jill Warren,cabreraangela@example.org,Male,+1-622-260-5299x431,West Williamport,Colorado,United States,29/07/2022
45,Matthew Serrano,jordanscott@example.com,Female,378.378.9460,West Michael,Indiana,United States,13/09/2022
46,Dawn Summers,angela58@example.net,Male,232.972.0788,Lake Lorettaville,North Dakota,United States,10/06/2024
47,Amy Tyler,glen83@example.org,Male,759.226.1607,Lake Carolynborough,Idaho,United States,20/04/2022
48,Timothy Flores,katelynstone@example.net,Male,(817)468-0890x930,Jessicastad,Nebraska,United States,23/05/2025
49,Caitlin Adams,wsmith@example.com,Female,453-673-1298x2267,Turnerfort,Kentucky,United States,26/01/2025
50,John Davidson,marcia63@example.com,Female,001-865-456-7636x781,Lake Jeffreybury,Delaware,United States,13/11/2023
51,Nathaniel Mosley,qmcdaniel@example.com,Male,825-790-8056,Port Stephanie,Louisiana,United States,02/01/2023
52,Willie Scott,larsenchristine@example.org,Female,857.912.0722x121,Stricklandborough,Minnesota,United States,02/03/2025
53,Theresa Casey,derrick36@example.org,Female,319.436.6772x4369,Chambersbury,Florida,United States,30/12/2025
54,Sheila Clark,carlsonjessica@example.org,Female,925.523.2484x560,Kevinville,Nevada,United States,04/08/2021
55,Diane Olson,xwright@example.org,Male,001-575-609-1790x2706,Port Kathrynshire,Washington,United States,27/10/2023
56,Brandon Chambers,brewerkristina@example.org,Male,-8242,New Chadhaven,North Carolina,United States,25/01/2024
57,Margaret Wilson,melissa96@example.com,Female,+1-986-558-0294x0346,Port Brittany,New Hampshire,United States,08/05/2021
58,William Nelson,gbeltran@example.org,Female,584.519.2637,Brownmouth,Kansas,United States,17/05/2024
59,Robert James,jeanettewhite@example.org,Male,439-611-2620,Alexanderside,Connecticut,United States,14/07/2023
60,Aaron Robinson,ganderson@example.org,Female,-4205,Zacharyborough,California,United States,09/10/2023
61,Kelly Martinez,iwilson@example.org,Male,789-300-6476,New Wendyville,Connecticut,United States,26/06/2024
62,Victoria Martinez,tmorales@example.com,Male,-1964,Port Brian,Maine,United States,14/03/2024
63,Sean Tucker,tapiachristina@example.net,Male,001-318-276-4005,Port Christineview,Massachusetts,United States,24/06/2022
64,Shelby Leonard,umarsh@example.com,Female,001-250-519-4507x7171,New Chadland,Washington,United States,09/02/2025
65,Kayla Glass,bennettkelsey@example.org,Male,(942)698-9784x986,New Jessica,Utah,United States,11/10/2025
66,Kenneth Valdez,ycontreras@example.org,Male,858-396-0562x722,Bradleyburgh,Georgia,United States,16/11/2023
67,Melinda Rosales,nicoleboyer@example.org,Male,(582)562-4582x3357,West Davidmouth,Idaho,United States,09/08/2022
68,Nina Mccullough,laurahayes@example.net,Male,+1-911-258-2632x97517,Timothystad,Tennessee,United States,31/07/2025
69,Kyle Grimes,derekkim@example.net,Female,-4435,Nicholasshire,Wisconsin,United States,02/12/2024
70,Steven Vazquez,qhopkins@example.com,Male,001-217-699-3595,Scottport,Wisconsin,United States,29/06/2025
71,Linda Spencer,sheenanash@example.net,Male,311-962-2092,Ritterberg,Utah,United States,01/12/2021
72,Larry Wilcox,caitlinreed@example.com,Male,001-632-512-7856x31714,West Heatherbury,Arizona,United States,09/04/2022
73,Benjamin Levy,kerry89@example.net,Male,001-551-421-4030x86084,Christinafurt,Virginia,United States,25/08/2023
74,Barbara Franklin,jessica17@example.com,Male,-8805,North Patricia,North Dakota,United States,27/04/2024
75,Maria Maldonado,chelsea29@example.com,Male,795-351-0550,Derrickmouth,New Hampshire,United States,16/05/2023
76,Cheryl Delacruz,garciadeborah@example.org,Male,6107108856,Lake Pamela,Oregon,United States,08/01/2025
77,Michelle Mcclure,flane@example.net,Female,+1-355-458-8886x5648,West John,Virginia,United States,20/09/2022
78,Joseph Davis,matthew78@example.net,Male,2096567563,North Andreport,North Dakota,United States,22/11/2023
79,Latoya Sanchez,kevin87@example.org,Female,258.646.2181x7733,Brandymouth,Kansas,United States,21/12/2023
80,Scott Wade,martinezwalter@example.com,Female,712.383.0319,West Davidville,Nevada,United States,25/06/2025
81,Jonathan Fletcher,stricklandlauren@example.com,Male,(271)806-5480x70853,Knightview,Iowa,United States,07/09/2024
82,Alfred Burton,zhoover@example.net,Male,984-375-1142,North Toddmouth,Delaware,United States,18/10/2025
83,Ethan Graham,myersmichelle@example.com,Male,(446)872-3557x106,Lake Austin,Texas,United States,13/05/2024
84,Levi Smith,newtondennis@example.net,Male,945.902.3577,Deanmouth,Nebraska,United States,27/04/2021
85,Michelle Pearson MD,vibarra@example.net,Female,+1-685-474-6220x26633,Scotthaven,Virginia,United States,04/08/2023
86,Carmen Brown,fergusonjoshua@example.net,Male,+1-719-655-5384x91147,East Chloe,South Carolina,United States,21/11/2025
87,Carl Hernandez,lcarlson@example.com,Male,(432)603-4864x00518,Port Michael,Washington,United States,16/11/2023
88,Charles Hoffman,travisrodriguez@example.com,Female,001-254-366-7408x8171,West Sara,Pennsylvania,United States,04/12/2021
89,Rhonda Dixon,angelica27@example.org,Female,291-337-0638,West David,Alaska,United States,04/01/2024
90,Lisa Williams,maddoxjonathan@example.net,Female,001-528-298-4265x75532,West Jennifer,Illinois,United States,16/04/2024
91,Veronica Ruiz,davismargaret@example.com,Male,+1-507-662-2618x617,Jenkinsbury,New York,United States,14/01/2025
92,Jeffrey Pittman,nsilva@example.org,Male,(543)817-8256x14772,Port Susan,Missouri,United States,26/11/2024
93,Katrina Carter DDS,amy51@example.com,Male,7568659487,North Andrew,Rhode Island,United States,27/03/2024
94,David Lyons,haroldhicks@example.net,Female,-8037,Leeville,California,United States,06/08/2023
95,Kerri Acevedo,martinezmichael@example.com,Female,+1-697-755-0020x3464,North Carol,Alabama,United States,17/09/2024
96,Kelly Jackson,kevin49@example.net,Male,260.435.5514x9388,New Joseph,Rhode Island,United States,29/01/2026
97,Aaron Henderson,john49@example.net,Male,(210)226-5095x59364,Harringtonshire,Alaska,United States,14/06/2022
98,Marissa Landry,jsmith@example.net,Female,657.358.6012,Jamiefurt,Kansas,United States,02/03/2023
99,Vickie Carlson,richardsmith@example.org,Male,+1-848-448-2143x12762,Harrisview,South Dakota,United States,20/09/2024
100,Rachel Pittman,hodgemelissa@example.com,Male,+1-690-621-1614x23163,East Brittneyburgh,Vermont,United States,19/02/2022
101,Aaron Reyes,perezsteven@example.com,Male,+1-571-281-1172x75068,Mitchellton,Arizona,United States,02/11/2021
102,Jenna Crane,averygerald@example.net,Female,(238)689-8929,Lanebury,Louisiana,United States,12/08/2025
103,James Arnold,mcphersonkara@example.net,Male,001-672-591-3867x43698,Alexanderview,Texas,United States,10/08/2024
104,Michelle Barnett MD,rhondabrooks@example.com,Female,(743)479-7002x1334,West Linda,Alabama,United States,03/10/2021
105,Erica Thornton,april41@example.net,Male,973.896.8966x657,East Michaelland,Kansas,United States,30/01/2023
106,Keith Ford,iyoung@example.net,Female,+1-283-346-2277x887,South Tammy,Nebraska,United States,18/08/2024
107,Raymond Wells,oconnellkimberly@example.com,Male,(818)775-8599,Pennyview,Utah,United States,06/07/2021
108,Michelle Dougherty,uramirez@example.com,Male,+1-526-583-3898x5316,Brettmouth,Maryland,United States,08/03/2021
109,Tony Clark,patelkatelyn@example.org,Male,(422)206-3242x0518,Williamston,Illinois,United States,10/05/2022
110,Jeffrey Rice,lynn16@example.org,Male,+1-528-823-5287x23327,Fullerfurt,Iowa,United States,01/09/2021
111,Anthony Lopez,jennifer84@example.org,Male,259-260-6345x2106,Lake Robert,South Carolina,United States,16/12/2023
112,Julia Hanson,anthonyeaton@example.org,Female,(414)994-3478,Sherriborough,South Carolina,United States,06/12/2024
113,Marcus Oneal,oramirez@example.com,Male,608-411-6290,Jasonland,Massachusetts,United States,04/02/2024
114,Michelle Patton,wattsheidi@example.net,Female,(368)849-4193x7111,Port Courtneymouth,Virginia,United States,05/02/2022
115,Andrew Gamble,steinangela@example.net,Female,001-943-397-6495,Lake Jenniferbury,Vermont,United States,09/04/2022
116,Kathy Anderson,shanekelly@example.net,Male,+1-788-353-9351x959,Davidborough,New Jersey,United States,17/03/2024
117,Gene Gates,tammie87@example.com,Male,+1-880-582-9775x708,Lindseyport,Missouri,United States,05/09/2024
118,Kathryn Rodriguez,michaelchambers@example.com,Male,+1-635-736-8441x813,Reynoldsside,Mississippi,United States,30/07/2025
119,Brittany Hughes,bobby49@example.org,Female,(616)410-0246,Kimport,New Mexico,United States,08/11/2024
120,Paige Delacruz,troy95@example.net,Male,551.519.5939,New Shannonhaven,New York,United States,30/11/2025
121,Kimberly Young,brandonbartlett@example.org,Male,+1-634-906-3338x588,Browningberg,Kentucky,United States,24/12/2022
122,Joshua Cunningham,fwilliams@example.com,Male,(218)443-1469,Jacobton,South Dakota,United States,05/10/2025
123,Manuel Huang,matthew30@example.org,Male,502.495.0644x2656,Kristinamouth,Arizona,United States,04/06/2021
124,Kelly Perez,stephenseric@example.org,Female,420-618-2120,New Lori,Oregon,United States,10/10/2021
125,Katrina Smith,nicholasnelson@example.com,Female,+1-539-904-7757x425,Oliverfort,Michigan,United States,16/11/2021
126,Edwin Rogers,martinezdonna@example.com,Male,+1-758-686-2654x6353,East Rebeccaland,Montana,United States,13/12/2023
127,Sara Cummings,hamiltonphilip@example.org,Male,(438)297-2296,Stevenview,Alaska,United States,23/08/2024
128,Eric Jackson,emma10@example.net,Female,255-631-7485,Port Josephville,Rhode Island,United States,19/10/2021
129,Sheena Fowler,mariastark@example.org,Male,001-965-353-9220x8501,Lake Jennifer,Kansas,United States,11/07/2023
130,Benjamin Jackson,woodjasmine@example.org,Female,+1-885-339-7541x31192,Lake Loretta,Delaware,United States,25/11/2024
131,William Wagner,crystaljohns@example.net,Male,566.479.9642,West Bradley,Arkansas,United States,30/07/2021
132,Zachary Maldonado,krogers@example.com,Female,+1-961-296-6093x93726,Karenhaven,Idaho,United States,02/12/2022
133,Latasha Erickson,zjohnson@example.net,Female,(702)227-4783,Middletonchester,Maine,United States,18/06/2024
134,Alyssa Richardson,beverlychristensen@example.org,Male,344-469-4508x54115,South Julie,Georgia,United States,12/04/2023
135,Frances Love,derek94@example.org,Female,(498)962-1403,West Michelle,Maine,United States,12/12/2025
136,Alexandra Barrett,zsullivan@example.com,Male,398-701-3809,Lake Matthewbury,New Jersey,United States,09/02/2021
137,Rhonda Kelley,eduardo92@example.org,Male,(320)471-7449x08935,Pearsonview,Washington,United States,14/07/2022
138,Mark Moyer,crawfordnathan@example.net,Male,626-664-2189x0952,New Rachel,South Carolina,United States,09/12/2021
139,John Webb,olsongarrett@example.com,Female,956.659.5268,West Brandon,Nevada,United States,27/11/2021
140,Martha George,christopher27@example.net,Female,514.876.7855,Karenland,New York,United States,11/09/2024
141,Paul Anderson,floresjon@example.org,Male,700.813.7105,Jaredmouth,New Mexico,United States,21/08/2021
142,David Carpenter,jay07@example.com,Male,513-686-7880x1207,West Emily,Alaska,United States,27/08/2025
143,Adam Wilson,tapialori@example.com,Male,001-982-705-2240,Lake George,Wyoming,United States,08/04/2023
144,Daniel Kelley,lallen@example.org,Female,001-217-827-8454x5747,Blakeburgh,Iowa,United States,14/02/2021
145,Benjamin Cooper,gandrews@example.net,Male,887-481-5121x57592,West Kennethmouth,New Jersey,United States,02/02/2025
146,Justin Wade,wcook@example.net,Male,576.628.0779,Johnsonfort,Alabama,United States,15/05/2021
147,William Thomas,jeffrey67@example.org,Male,760-793-9405,South Markfort,Maine,United States,21/11/2025
148,Dawn Johnson,markgraham@example.com,Female,7454181209,East Sarahtown,Rhode Island,United States,14/12/2022
149,Chad Rodriguez,smithrebecca@example.org,Male,001-554-725-5591,Tiffanyshire,Tennessee,United States,30/03/2023
150,Mark Rivera,meredith87@example.org,Male,001-561-743-1958x3968,West Samantha,Nevada,United States,31/03/2021
151,Brian Fisher,omoore@example.net,Female,443.318.4141x63719,New Johnberg,New Jersey,United States,02/02/2022
152,Omar Jones,irogers@example.com,Male,771-898-2176x3050,Lindamouth,New Mexico,United States,17/09/2023
153,Deborah Berry,adouglas@example.com,Male,918-669-8238x744,Jamesberg,Rhode Island,United States,08/12/2023
154,Kerri Parker,andersonmichael@example.org,Male,+1-995-717-8133x78623,West Alexander,Minnesota,United States,01/04/2023
155,Paul Alvarez,nbarajas@example.com,Male,486-430-0061,Lake Cheyenne,Maryland,United States,26/11/2023
156,David Yoder,sara65@example.com,Female,001-928-672-8992,New Diana,Delaware,United States,25/12/2021
157,Chelsea Dominguez,elizabeth25@example.org,Female,001-775-386-4305,Port Kayla,Utah,United States,05/02/2022
158,Grace Farmer,deanbrown@example.org,Female,864-429-5879x3776,New Herbertland,Minnesota,United States,15/04/2025
159,Jessica Wilson,johnsonalexander@example.org,Male,871-369-2275x4001,East Mary,Rhode Island,United States,10/05/2023
160,Christopher May,maria63@example.net,Male,4743259826,North Willieland,Nevada,United States,14/08/2021
161,Jennifer Nelson,brennansteven@example.net,Male,490-755-7639x899,Edgarmouth,Virginia,United States,10/08/2025
162,Kayla Medina,adkinsjoshua@example.org,Female,818-852-7338x741,South Charles,Missouri,United States,28/05/2023
163,Thomas Randall,annettenunez@example.net,Female,(532)733-0038,Stephaniemouth,Minnesota,United States,08/06/2021
164,Rachael Miller,zhanson@example.net,Male,(472)639-7218x7280,Blackmouth,South Carolina,United States,22/11/2022
165,Andrew Rose,hallkimberly@example.com,Female,887-997-4561,North Josephchester,Utah,United States,20/06/2025
166,Chloe Howard,bradleymoore@example.net,Male,+1-382-519-3796x75707,New Davidville,Maine,United States,09/09/2022
167,Lisa Carr,marie14@example.org,Male,204.925.2438x1692,East Ashleyton,Minnesota,United States,03/06/2024
168,Mary Moore,craigjames@example.com,Female,(594)402-1011x570,Port Johnport,New Mexico,United States,26/02/2023
169,Margaret Hansen,colleenfletcher@example.com,Female,711.965.2928x5761,Lake Lori,North Carolina,United States,26/02/2023
170,Patrick Sampson,harrisjoshua@example.org,Male,001-594-335-4097x420,Evansside,Arizona,United States,19/09/2025
171,Dr. William Cooper MD,qwashington@example.net,Male,408.371.4320x29914,East Michelleville,Arkansas,United States,26/07/2024
172,Adam Rogers,sara47@example.org,Female,001-470-842-3859x251,Joeland,Connecticut,United States,25/05/2025
173,Summer Parker,smcbride@example.org,Male,(526)201-1422,West Sandybury,Virginia,United States,14/10/2024
174,Kerry Vargas,josephwashington@example.net,Male,6358397920,South Kurtside,West Virginia,United States,19/06/2021
175,Christine Adams,jeremylewis@example.net,Male,(513)696-3326,Port Elizabeth,Minnesota,United States,23/07/2025
176,Jennifer Rodriguez,amanda48@example.com,Male,-2285,New Donna,Illinois,United States,02/04/2022
177,Daniel Jimenez,vickieray@example.org,Male,6848305570,Mariahfort,Arizona,United States,15/03/2021
178,Victoria Price,norriskenneth@example.org,Female,626.647.7960,South Heather,Florida,United States,26/10/2024
179,Daniel Taylor,grayjessica@example.com,Male,001-397-826-7232x35882,Port Toddside,New York,United States,28/02/2024
180,Amy Gomez,ygraves@example.org,Male,+1-906-526-1519x4413,Gonzalezshire,West Virginia,United States,02/07/2024
181,Courtney Graham,vnunez@example.org,Female,6855433080,West Daniel,South Dakota,United States,07/09/2025
182,Joshua Snyder,kjackson@example.com,Male,(272)269-6195x03361,Scottberg,West Virginia,United States,05/04/2025
183,Joshua Kramer,bennettjeffrey@example.net,Male,362.329.9482x725,Campbellview,Rhode Island,United States,18/08/2025
184,Leonard Perkins,joseph60@example.com,Male,-3024,New Timothyhaven,Illinois,United States,07/08/2022
185,Kevin Johnson,whiteamy@example.com,Male,843-240-5009,Dylanborough,Nevada,United States,01/10/2023
186,Scott Rasmussen,rhodesian@example.org,Male,662.525.1001x2924,Ryanfort,Colorado,United States,06/06/2021
187,Wanda Bradley,christinefisher@example.com,Male,(704)889-4706,South Jacquelineville,New Mexico,United States,30/04/2023
188,Jeff Reynolds,patriciamarquez@example.com,Male,-3546,South Daltontown,South Dakota,United States,18/09/2022
189,Timothy Banks,breannarodriguez@example.org,Female,(366)771-2963x74806,Port Kimberlyland,Florida,United States,18/04/2024
190,Jacob Jackson,douglas43@example.org,Male,+1-735-815-8582x5741,South Marcus,Rhode Island,United States,30/03/2024
191,Dave Roberts,worr@example.net,Male,9649536482,Emilyport,California,United States,22/09/2025
192,John Gomez,mmaddox@example.org,Male,247.492.5561x67788,North Michelleport,Arizona,United States,13/04/2024
193,Cynthia Saunders,scott39@example.com,Male,001-743-563-8571,East Sarahview,West Virginia,United States,06/09/2025
194,Erin Rios,williamsbianca@example.com,Female,001-623-982-6735x983,Lawrencefurt,Maryland,United States,17/02/2024
195,Marc White,brianallen@example.com,Male,3524614453,West George,Oregon,United States,22/09/2021
196,Thomas Kelly,dclements@example.net,Female,676-307-3567,South Bridgetville,North Carolina,United States,29/10/2021
197,Justin Meza,russoedward@example.net,Male,769.228.2432x7851,East Gailstad,New Mexico,United States,04/05/2023
198,Sara Griffin,katrinabell@example.net,Female,218.891.9806,Bowersmouth,Kansas,United States,22/08/2021
199,Mark Foster,morganheather@example.net,Male,001-948-997-7278x17237,New Alexis,New Hampshire,United States,14/04/2022
200,Brandon Thompson,jeremycarter@example.com,Female,778.745.7472x55440,Erinmouth,Delaware,United States,29/01/2026
201,Brandy Nelson,frederickwaters@example.com,Male,(916)282-0066,Stacyton,Florida,United States,10/03/2021
202,Tabitha Salinas,ruben69@example.net,Female,704.957.4514x424,Martinezmouth,New Jersey,United States,09/08/2022
203,Matthew Patterson,margaret14@example.com,Male,-7101,West Andre,Kentucky,United States,11/09/2024
204,Matthew Luna,thompsonedward@example.com,Male,+1-729-763-2803x68129,Lake Beth,Mississippi,United States,06/02/2022
205,Eddie Stevens,michaelsanchez@example.org,Female,743-482-5375,Paulhaven,New Mexico,United States,17/01/2022
206,Theresa Butler,aaronwhite@example.net,Female,693-839-6972x2450,Cobbport,Georgia,United States,26/04/2022
207,Kerry Bright,ngraham@example.net,Male,+1-755-543-1140x731,Port Dylanmouth,Alaska,United States,09/11/2022
208,Cindy Garcia,matthewnguyen@example.com,Male,469.269.8894x67237,Stoneborough,Alaska,United States,31/10/2022
209,Eric Gibson,saracasey@example.com,Male,6689451274,East Emilyview,Montana,United States,10/04/2023
210,Eric Adams,lopezstacy@example.org,Female,237-373-3232x062,Jamesshire,Maryland,United States,04/01/2026
211,John Jones DDS,kenneth60@example.net,Female,970-422-9250x561,Port Katelynville,Missouri,United States,24/07/2021
212,Tyler Stewart,kristine54@example.org,Male,640.318.7994,South Kyleburgh,Michigan,United States,11/11/2021
213,John Fuller,brandonperez@example.com,Male,4938325153,West Todd,New Jersey,United States,18/10/2023
214,Jason Ruiz,kevinporter@example.org,Female,947-762-6039,East Michelle,Georgia,United States,18/10/2024
215,Michelle Williams,nsullivan@example.org,Male,001-420-389-4599,Lake Thomasport,Massachusetts,United States,25/08/2021
216,Lindsey Gomez,brichards@example.com,Female,(280)937-3710x9962,West Kathryn,Tennessee,United States,12/01/2026
217,Gregory Mitchell,victoria17@example.net,Male,251.262.5065x6562,North Debraberg,Wyoming,United States,04/10/2022
218,Danielle Thomas,millersteven@example.net,Male,-11272,Nealville,Wisconsin,United States,13/09/2021
219,John Gentry,bfrazier@example.org,Female,(264)880-6049x5810,Andrewhaven,California,United States,15/02/2024
220,Marcus Brady,mlong@example.net,Female,+1-384-445-3531x9024,Millermouth,Vermont,United States,09/05/2025
221,Julia Summers,belindatravis@example.net,Male,596.461.8937x836,Port Ralphshire,Maine,United States,28/12/2023
222,Susan Smith,mcleantyler@example.org,Male,001-695-541-2914x6420,Richardburgh,Nebraska,United States,04/05/2024
223,Sarah Dunn,elliottrichard@example.net,Male,+1-842-559-5698x2040,Ianberg,Pennsylvania,United States,02/04/2025
224,James Atkinson,francojessica@example.com,Male,2452889183,South Jesus,Wisconsin,United States,04/01/2022
225,Amber Jones,esanders@example.net,Male,+1-377-384-4078x2811,South Kathrynfort,Pennsylvania,United States,26/12/2023
226,Dawn Reid,patelzoe@example.com,Female,904.858.2523x262,Landryland,Mississippi,United States,25/02/2021
227,Rebecca White,danielmurphy@example.net,Female,(606)502-6378x0082,Reillyton,California,United States,29/12/2024
228,Margaret Silva DVM,mitchellwesley@example.net,Male,+1-901-227-4627x9059,Baldwinton,Louisiana,United States,22/06/2023
229,Kelsey Smith,ehernandez@example.net,Male,897.368.2351x152,New Kristin,Iowa,United States,09/06/2021
230,Michael Potts MD,mooresteven@example.net,Female,446-539-8822,East Gabrielle,Hawaii,United States,15/02/2023
231,Brooke Blanchard,christopher50@example.org,Male,001-813-773-3054x69013,Markston,Maine,United States,11/08/2024
232,Lori Anderson,williamscarolyn@example.net,Female,(767)342-3177,Kingfurt,Hawaii,United States,10/01/2023
233,Katelyn Thomas,msmith@example.com,Male,814.226.7279x56286,Elizabethmouth,Connecticut,United States,30/09/2025
234,Mary Mitchell,michaeltran@example.net,Female,545-679-0134x03361,North Brittanyport,Arkansas,United States,11/09/2022
235,Linda Morse,victoria43@example.com,Female,+1-502-332-1313x901,West Laura,Texas,United States,23/10/2024
236,Mario Sanchez,jeremygriffin@example.org,Male,530-802-0076,North Bryanshire,New Mexico,United States,16/08/2025
237,Danielle Hahn,steven71@example.com,Male,211.221.7766x3634,Teresaview,Nevada,United States,11/09/2023
238,Gabriel Ramirez,jill22@example.com,Female,(617)455-1427x0886,Port Stephanie,Arkansas,United States,06/02/2021
239,Michael Gilbert,jillianfarrell@example.org,Male,001-780-337-6004x543,East Jasonside,Arkansas,United States,10/08/2023
240,Latoya Webb,roberto26@example.com,Male,432-224-5372x2199,South Jeffery,Rhode Island,United States,16/03/2024
241,Ryan Nash,mwashington@example.org,Male,259-882-0361x989,Adkinsbury,Missouri,United States,14/07/2023
242,Lisa Green,pjohnson@example.org,Male,+1-369-644-4490x61285,West Megan,New Hampshire,United States,15/08/2024
243,Amanda Davidson,ncoleman@example.com,Male,+1-245-810-2025x64669,Samanthafort,Delaware,United States,03/12/2023
244,Jennifer Bush,icarter@example.net,Female,(432)453-1029,Kellyfort,New Hampshire,United States,04/11/2024
245,Brittany Parker,jwise@example.org,Male,322.582.1756x475,Rossfurt,Tennessee,United States,30/07/2023
246,Jennifer Patel,lauriediaz@example.net,Male,001-279-363-5392x647,Port Chasebury,Maryland,United States,11/08/2024
247,Brandon Fernandez,zwatson@example.net,Female,9795520799,Kochville,Nevada,United States,01/12/2023
248,Shawn Brown,jessicasullivan@example.net,Male,908-273-3174x7602,Heatherfurt,Washington,United States,23/01/2022
249,Tyler Norris,justinjoseph@example.com,Female,001-988-574-5503x576,Robertsonhaven,Louisiana,United States,09/01/2023
250,Christian Miller,lsmith@example.org,Male,763.345.6350x71888,West Tonyabury,Maine,United States,10/10/2024
